"";"Country";"Traffic Index";"Quality of Life Index";"Pollution Index";"Health Care Index";"Crime Index";"Rent Index";"Consumer Price Index";"Groceries Index";"Restaurant Price Index";"CODE";"Year"
"1";"Argentina";200,15;81,12;57,45;76,75;57,48;17,63;66,85;63,23;64,18;"AR";2014
"2";"Armenia";101,88;NA;71,57;NA;35,01;13,92;46,66;36,75;41,14;"AM";2014
"3";"Australia";141,35;175,98;19,38;73,55;41,23;57,97;108,51;105,03;97,44;"AU";2014
"4";"Austria";70,71;171,82;31,68;79,67;25,83;33,23;89,5;88,71;79,25;"AT";2014
"5";"Bangladesh";309,81;NA;95,87;NA;62,17;6,64;40,37;41,26;25,98;"BD";2014
"6";"Belarus";103,42;74,43;42,72;48,02;32,89;15,95;50,35;46,15;55,79;"BY";2014
"7";"Belgium";111,96;134,71;56,16;78,04;41,53;34,89;100,04;93,51;105,82;"BE";2014
"8";"Brazil";172,29;38,76;57,58;53,72;67;21,77;60,6;49,34;47,55;"BR";2014
"9";"Bulgaria";105,12;62,6;66,72;58,04;40,02;11;49,96;45,32;38,02;"BG";2014
"10";"Canada";164,16;178,29;27,7;71,94;36,29;35,71;87,9;94,57;78,78;"CA";2014
"11";"Chile";153,89;69,32;70,98;58,68;47,09;18,32;60,16;54,27;49,97;"CL";2014
"12";"China";117,09;30,3;84,72;65,12;30,13;24,31;54,12;57,06;37,77;"CN";2014
"13";"Colombia";172,01;36,53;65,67;68,52;58,54;14,65;50,37;47,72;34,83;"CO";2014
"14";"Croatia";110,39;108,7;28,69;55,94;28,9;13,93;69,04;62,68;54,75;"HR";2014
"15";"Czech Republic";99,2;122,99;38,34;66,27;33,88;17,63;56,59;51,01;37,26;"CZ";2014
"16";"Denmark";98,32;178,55;34,76;85,62;29,27;40,05;114,87;102,61;132,27;"DK";2014
"17";"Ecuador";165,8;42,25;53,66;59,39;59,97;14,15;45,23;47,41;27,71;"EC";2014
"18";"Egypt";323,05;5,41;91,23;61,3;52,43;9,4;38,26;37,06;32,75;"EG";2014
"19";"Estonia";72,01;145,4;13,43;76,34;29,07;18,07;67,33;58,64;54,83;"EE";2014
"20";"Finland";122,76;178,88;16,68;68,69;29,16;35,32;103,28;100,4;103,17;"FI";2014
"21";"France";82,07;136,31;46,92;82,28;47,28;36,86;100,21;100,19;98,7;"FR";2014
"22";"Georgia";129,81;NA;65,28;NA;19,91;12,6;46,22;37;41,36;"GE";2014
"23";"Germany";132,35;192,69;30,2;75,26;27,14;30,29;87,14;77,86;77,83;"DE";2014
"24";"Greece";143,11;77,48;45,28;59,02;43,05;15,12;83,79;70,51;84,76;"GR";2014
"25";"Hungary";118,16;83,18;48,33;46,58;37,52;10,68;59,27;48,1;43,63;"HU";2014
"26";"India";213,68;78,01;74,34;64,62;43,7;7,01;26,7;29,22;16,02;"IN";2014
"27";"Indonesia";187,94;21,85;73,78;60,23;46,67;12,83;39;44,21;20,9;"ID";2014
"28";"Iran";261,8;-11,08;86,07;48,6;55,01;20,49;49,51;52,6;41,46;"IR";2014
"29";"Ireland";76,53;142,35;29,32;42,57;53,59;39,24;106,61;102,67;100,03;"IE";2014
"30";"Israel";204,98;91,16;63,75;75,43;33,28;35,23;91,45;79,52;95,42;"IL";2014
"31";"Italy";151,67;90,61;60,42;65,05;45,59;31,55;96,81;85;104,62;"IT";2014
"32";"Japan";154,57;168,47;40,78;85,03;18,1;35,51;94,13;97,55;58,78;"JP";2014
"33";"Jordan";286,17;39,54;81,84;74,1;47,58;15,22;61,46;53,7;54,47;"JO";2014
"34";"Kazakhstan";126,53;40,64;74,36;60,19;49,41;22,64;63,15;53,48;64,09;"KZ";2014
"35";"Kenya";352,17;NA;60,71;NA;78,9;19,24;53,6;59,5;34,21;"KE";2014
"36";"Kuwait";93,61;141,37;59,99;66,2;36,44;38,81;74,08;77,58;55,89;"KW";2014
"37";"Lebanon";148,72;18,39;86,72;55,36;50,1;33,38;70,15;54,56;67,5;"LB";2014
"38";"Lithuania";82,41;121,91;21,13;69,26;34,71;14,65;59,96;52,84;41,88;"LT";2014
"39";"Malaysia";174,07;89,05;61,12;69,35;66,41;15,16;48,66;47,62;26,62;"MY";2014
"40";"Mexico";174,57;83,47;71,17;70,64;52,46;12,14;46,96;48,99;35,39;"MX";2014
"41";"Mongolia";143,7;-26,75;94,98;27,23;66,23;NA;NA;NA;NA;"MN";2014
"42";"Netherlands";129,61;160,98;32,4;66,17;37,07;40,94;98,82;78,03;115,25;"NL";2014
"43";"New Zealand";87,17;168,56;21,02;77,83;42,85;42,43;104,48;104,47;90,09;"NZ";2014
"44";"Norway";71,57;168,41;22,57;75,71;33,73;58,88;144,45;135,52;165,88;"NO";2014
"45";"Pakistan";112,15;22,32;80,25;50,4;63,75;4,66;29,69;29,22;22,32;"PK";2014
"46";"Philippines";230,36;28,09;74,88;69,84;41,9;8,34;40,28;42,43;23,22;"PH";2014
"47";"Poland";120,55;95,19;50,54;54,83;37,53;18,93;53,68;45,19;44,19;"PL";2014
"48";"Portugal";102,1;124,71;30,9;64,8;35,06;22,38;69,3;57,37;58,18;"PT";2014
"49";"Puerto Rico";118,55;123,64;47,41;59,93;59,3;21,19;76,5;80,04;64,43;"PR";2014
"50";"Qatar";156,36;NA;81,03;NA;21,76;77;75,25;70,26;78,36;"QA";2014
"51";"Romania";118,85;63,27;62,55;47,27;28,73;12,23;48,2;43,87;37,19;"RO";2014
"52";"Russia";221,35;16,53;76,45;43,45;52,67;29,65;61,8;50,91;68,48;"RU";2014
"53";"Saudi Arabia";107,31;139,88;71,54;50,42;29,38;15,49;68,14;69,59;34,87;"SA";2014
"54";"Serbia";88,85;69,31;49,56;54,35;39,28;10,91;51,57;42,7;42,67;"RS";2014
"55";"Singapore";192,55;87,99;41,93;61,82;21,35;97,04;100,01;89,77;61,36;"SG";2014
"56";"Slovakia";135,06;108,74;40,81;63,52;32,72;22,01;61,5;55,26;43,16;"SK";2014
"57";"Slovenia";76,53;125,56;32,97;61,31;33,21;22,47;75,37;65,19;61,44;"SI";2014
"58";"South Africa";196,69;111,61;57,93;59,44;78,53;17,7;48,55;42,32;43,73;"ZA";2014
"59";"South Korea";76,37;117,9;74,24;79,17;16,35;37,56;87,56;106,5;51,76;"KR";2014
"60";"Spain";120,42;123,64;49,76;75,17;32,42;26,41;77,18;64,24;79,05;"ES";2014
"61";"Sweden";112,48;180,92;17,51;75,22;38,28;33,79;103,68;100,35;103,76;"SE";2014
"62";"Switzerland";79,16;206,23;26,8;67,95;31,79;63,84;143,88;148,5;145,59;"CH";2014
"63";"Syria";86,67;NA;35,92;NA;57,07;12,18;42,74;38,64;35,52;"SY";2014
"64";"Taiwan";94,67;114,06;70,81;78,33;21,47;19,06;60,2;74,03;29,47;"TW";2014
"65";"Thailand";144,36;56,64;71,13;85,44;37,56;18,3;45,95;52,92;23,81;"TH";2014
"66";"Turkey";229,56;67,82;77,11;57,54;39,95;12,81;49,93;40,56;37,53;"TR";2014
"67";"Ukraine";165,39;22,22;73,32;47,1;49,37;15,13;45,64;40,81;40,21;"UA";2014
"68";"United Arab Emirates";118,54;173,27;53,84;60,65;20,79;64,26;68,25;61,67;65,23;"AE";2014
"69";"United Kingdom";143,41;150,97;33,81;73,52;42,62;44,19;100,11;94,25;96,94;"GB";2014
"70";"United States";164,78;195,55;35,13;68,58;50,15;36,93;77,39;83,38;67,74;"US";2014
"71";"Uruguay";147,57;91,94;21,33;59,58;46,64;25,26;77,36;68,66;71,63;"UY";2014
"72";"Venezuela";181,5;-39,32;73,96;41,05;81,5;39,59;114,36;132,15;96,24;"VE";2014
"73";"Albania";NA;NA;77,3;61,44;51,31;10,94;48,96;41,37;35,25;"AL";2014
"74";"Algeria";NA;NA;62,59;NA;52,31;8,94;39,11;40,11;27,48;"DZ";2014
"75";"Azerbaijan";NA;NA;82,02;NA;34,16;34,91;63,13;54,46;65,44;"AZ";2014
"76";"Belize";NA;NA;47,59;NA;NA;NA;NA;NA;NA;"BZ";2014
"77";"Bolivia";NA;NA;73,79;51,52;68,97;13,56;40,98;36,85;24,62;"BO";2014
"78";"Brunei";NA;NA;38,45;NA;31,5;NA;NA;NA;NA;"BN";2014
"79";"Cambodia";NA;NA;74,71;53,84;40,76;13,04;53,64;64,26;25,11;"KH";2014
"80";"Costa Rica";NA;NA;59,57;63,89;61,4;18,76;65,64;69,43;55,53;"CR";2014
"81";"Cyprus";NA;NA;46,14;68,73;37,56;20,89;89,76;82,44;94,53;"CY";2014
"82";"Dominican Republic";NA;NA;68,76;NA;66,36;12,62;57,98;59,04;40,89;"DO";2014
"83";"El Salvador";NA;NA;86,28;NA;64,35;10,31;53,05;50,59;35,91;"SV";2014
"84";"Ethiopia";NA;NA;64,89;NA;36,07;21,78;55,46;55,43;28,24;"ET";2014
"85";"Fiji";NA;NA;52,06;NA;38,98;NA;NA;NA;NA;"FJ";2014
"86";"Ghana";NA;NA;111,18;NA;46,38;40,77;64,56;70,5;57,75;"GH";2014
"87";"Guatemala";NA;NA;75,92;NA;79,31;15,54;52;54,22;33,33;"GT";2014
"88";"Guyana";NA;NA;67,67;NA;NA;NA;NA;NA;NA;"GY";2014
"89";"Iceland";NA;NA;18,04;NA;31,68;41,07;111,75;121,07;106,06;"IS";2014
"90";"Jamaica";NA;NA;80,86;NA;71,03;19,64;73,36;71,51;54,35;"JM";2014
"91";"Kyrgyzstan";NA;NA;61,03;NA;57,94;NA;NA;NA;NA;"KG";2014
"92";"Laos";NA;NA;78,91;NA;42,5;NA;NA;NA;NA;"LA";2014
"93";"Latvia";NA;NA;43,61;65;43,74;16,36;65,95;54,34;53,87;"LV";2014
"94";"Libya";NA;NA;63,54;NA;61,42;20,22;52,33;61,34;42,83;"LY";2014
"95";"Luxembourg";NA;NA;45,17;NA;31,88;64,11;109,93;97,07;126,51;"LU";2014
"96";"Macedonia";NA;NA;85,35;33,12;41,67;9,15;44,17;37,68;32,44;"MK";2014
"97";"Malta";NA;NA;68,92;NA;14,17;17,52;80,18;68,9;79,1;"MT";2014
"98";"Mauritius";NA;NA;53,86;NA;55,72;26,73;59,48;52,78;58,02;"MU";2014
"99";"Moldova";NA;NA;70,34;NA;46,32;9,96;41,56;35,87;31,08;"MD";2014
"100";"Montenegro";NA;NA;44,58;56,94;NA;11,64;57,26;49,88;50,12;"ME";2014
"101";"Morocco";NA;NA;70,1;59,29;48,39;14,36;47,48;41,71;38,63;"MA";2014
"102";"Nepal";NA;NA;85,43;NA;51,82;3,47;31,43;30,47;19,82;"NP";2014
"103";"Panama";NA;NA;49,85;NA;41,59;31,37;52,18;59,81;40,36;"PA";2014
"104";"Paraguay";NA;NA;57,47;NA;53,83;NA;NA;NA;NA;"PY";2014
"105";"Peru";NA;NA;88,65;57,64;58,14;15,4;50,93;47,45;36,13;"PE";2014
"106";"Sri Lanka";NA;NA;74,26;76,67;42,43;9,81;42,82;52,24;24,97;"LK";2014
"107";"Sudan";NA;NA;61,01;NA;34,84;NA;NA;NA;NA;"SD";2014
"108";"Tanzania";NA;NA;64,47;NA;57,11;20,37;50,05;52,28;27,12;"TZ";2014
"109";"Tunisia";NA;NA;74,55;NA;47,03;9,82;41,25;38,36;28,73;"TN";2014
"110";"Vietnam";NA;NA;72,62;NA;53,26;15,15;44,86;41,09;23,26;"VN";2014
"111";"Zimbabwe";NA;NA;58,36;NA;60,82;20,32;69,86;66,92;53,92;"ZW";2014
"112";"Iraq";NA;NA;NA;28,47;46,64;17,79;51,27;45,84;46,2;"IQ";2014
"113";"Nigeria";NA;NA;NA;50,42;77,86;21,31;73,78;74,97;62,7;"NG";2014
"114";"Oman";NA;NA;NA;48,15;29,1;30,36;56,04;53,47;40,73;"OM";2014
"115";"Afghanistan";NA;NA;NA;NA;82,51;NA;NA;NA;NA;"AF";2014
"116";"Angola";NA;NA;NA;NA;63,05;NA;NA;NA;NA;"AO";2014
"117";"Bahrain";NA;NA;NA;NA;20,52;36,1;59,07;57,64;56,24;"BH";2014
"118";"Barbados";NA;NA;NA;NA;44,38;NA;NA;NA;NA;"BB";2014
"119";"Botswana";NA;NA;NA;NA;47,03;NA;NA;NA;NA;"BW";2014
"120";"Eritrea";NA;NA;NA;NA;39,14;NA;NA;NA;NA;"ER";2014
"121";"Haiti";NA;NA;NA;NA;72,5;NA;NA;NA;NA;"HT";2014
"122";"Honduras";NA;NA;NA;NA;68,87;12,19;51,05;42,94;33,62;"HN";2014
"123";"Monaco";NA;NA;NA;NA;29,01;NA;NA;NA;NA;"MC";2014
"124";"Namibia";NA;NA;NA;NA;45,53;24,32;59,8;52,7;47,8;NA;2014
"125";"Nicaragua";NA;NA;NA;NA;47,05;NA;NA;NA;NA;"NI";2014
"126";"Uganda";NA;NA;NA;NA;62,24;12,85;58,74;55,21;27,1;"UG";2014
"127";"Uzbekistan";NA;NA;NA;NA;64,3;NA;NA;NA;NA;"UZ";2014
"128";"Bahamas";NA;NA;NA;NA;NA;47,35;103,44;98;96,49;"BS";2014
